{"cameraMode":{"drawMode":0,"name":"Shaded","section":"Shading Mode"},"sceneLighting":true,"audioPlay":false,"sceneViewState":{"showFog":true,"showMaterialUpdate":false,"showSkybox":true,"showFlares":true,"showImageEffects":true,"showParticleSystems":true},"in2DMode":false,"pivot":{"x":1.4266624450683594,"y":2.449178695678711,"z":-0.2650890350341797},"rotation":{"x":-0.26904115080833437,"y":-0.0028899002354592087,"z":0.0008077017846517265,"w":-0.9631240367889404},"size":17.626462936401368,"orthographic":false}