{"cameraMode":{"drawMode":0,"name":"Shaded","section":"Shading Mode"},"sceneLighting":true,"audioPlay":false,"sceneViewState":{"showFog":true,"showMaterialUpdate":false,"showSkybox":true,"showFlares":true,"showImageEffects":true,"showParticleSystems":true},"in2DMode":false,"pivot":{"x":0.02987051010131836,"y":1.6990909576416016,"z":1.4019451141357422},"rotation":{"x":-0.4997439384460449,"y":0.27283862233161929,"z":-0.16950057446956635,"w":-0.804415762424469},"size":27.09827423095703,"orthographic":false}