{"cameraMode":{"drawMode":0,"name":"Shaded","section":"Shading Mode"},"sceneLighting":false,"audioPlay":false,"sceneViewState":{"showFog":true,"showMaterialUpdate":false,"showSkybox":false,"showFlares":true,"showImageEffects":true,"showParticleSystems":true},"in2DMode":false,"pivot":{"x":-0.025351285934448243,"y":0.5,"z":-0.8265137672424316},"rotation":{"x":-0.7060451507568359,"y":1.3014965771773746e-9,"z":-5.552829751565014e-9,"w":-0.7081668972969055},"size":29.250150680541993,"orthographic":false}