{"cameraMode":{"drawMode":0,"name":"Shaded","section":"Shading Mode"},"sceneLighting":true,"audioPlay":false,"sceneViewState":{"showFog":true,"showMaterialUpdate":false,"showSkybox":true,"showFlares":true,"showImageEffects":true,"showParticleSystems":true},"in2DMode":false,"pivot":{"x":-1.4820865392684937,"y":2.610975742340088,"z":2.7871992588043215},"rotation":{"x":-0.538642406463623,"y":0.12703894078731538,"z":-0.08256414532661438,"w":-0.8287994861602783},"size":6.631094455718994,"orthographic":false}